Name,Target
uturn/Aug_default_gzclient_camera(1)-2018-05-19T12_00_52.597596.jpg_auto,2
uturn/Aug_default_gzclient_camera(1)-2018-05-19T11_59_34.474099.jpg_auto,2
uturn/default_gzclient_camera(1)-2018-05-19T11_59_50.084436.jpg,2
uturn/Aug_default_gzclient_camera(1)-2018-05-19T11_59_29.018918.jpg_auto,2
uturn/Aug_default_gzclient_camera(1)-2018-05-19T11_58_28.154801.jpg_auto,2
uturn/default_gzclient_camera(1)-2018-05-19T11_58_21.502043.jpg,2
uturn/Aug_default_gzclient_camera(1)-2018-05-19T11_58_38.441709.jpg_auto,2
uturn/Aug_default_gzclient_camera(1)-2018-05-19T11_59_54.497601.jpg_auto,2
uturn/default_gzclient_camera(1)-2018-05-19T12_01_10.978640.jpg,2
uturn/default_gzclient_camera(1)-2018-05-19T11_57_41.431889.jpg,2
uturn/Aug_default_gzclient_camera(1)-2018-05-19T12_00_31.633920.jpg_auto,2
uturn/Aug_default_gzclient_camera(1)-2018-05-19T11_57_22.608406.jpg_auto,2
uturn/default_gzclient_camera(1)-2018-05-19T12_00_43.785638.jpg,2
uturn/default_gzclient_camera(1)-2018-05-19T11_57_35.857688.jpg,2
uturn/default_gzclient_camera(1)-2018-05-19T12_00_27.528725.jpg,2
uturn/default_gzclient_camera(1)-2018-05-19T12_00_31.633920.jpg,2
uturn/default_gzclient_camera(1)-2018-05-19T12_00_40.475974.jpg,2
uturn/Aug_default_gzclient_camera(1)-2018-05-19T11_58_24.331651.jpg_auto,2
uturn/Aug_default_gzclient_camera(1)-2018-05-19T12_01_02.290088.jpg_auto,2
uturn/default_gzclient_camera(1)-2018-05-19T11_59_09.596060.jpg,2
uturn/default_gzclient_camera(1)-2018-05-19T12_00_52.597596.jpg,2
uturn/default_gzclient_camera(1)-2018-05-19T11_59_20.834749.jpg,2
uturn/default_gzclient_camera(1)-2018-05-19T11_58_49.488698.jpg,2
uturn/Aug_default_gzclient_camera(1)-2018-05-19T12_00_46.278358.jpg_auto,2
uturn/default_gzclient_camera(1)-2018-05-19T11_58_41.844172.jpg,2
uturn/Aug_default_gzclient_camera(1)-2018-05-19T11_58_31.933285.jpg_auto,2
uturn/Aug_default_gzclient_camera(1)-2018-05-19T11_59_32.252158.jpg_auto,2
uturn/Aug_default_gzclient_camera(1)-2018-05-19T11_58_45.885221.jpg_auto,2
uturn/default_gzclient_camera(1)-2018-05-19T11_59_34.474099.jpg,2
uturn/Aug_default_gzclient_camera(1)-2018-05-19T11_59_20.834749.jpg_auto,2
uturn/default_gzclient_camera(1)-2018-05-19T11_58_38.441709.jpg,2
uturn/Aug_default_gzclient_camera(1)-2018-05-19T11_58_49.488698.jpg_auto,2
uturn/default_gzclient_camera(1)-2018-05-19T11_58_02.369676.jpg,2
uturn/Aug_default_gzclient_camera(1)-2018-05-19T11_59_04.635750.jpg_auto,2
uturn/Aug_default_gzclient_camera(1)-2018-05-19T12_01_03.581317.jpg_auto,2
uturn/default_gzclient_camera(1)-2018-05-19T12_01_06.054315.jpg,2
uturn/default_gzclient_camera(1)-2018-05-19T11_59_32.252158.jpg,2
uturn/default_gzclient_camera(1)-2018-05-19T11_58_07.689301.jpg,2
uturn/default_gzclient_camera(1)-2018-05-19T11_57_22.608406_1.jpg,2
uturn/Aug_default_gzclient_camera(1)-2018-05-19T12_00_20.432826.jpg_auto,2
uturn/default_gzclient_camera(1)-2018-05-19T11_59_44.895636.jpg,2
uturn/Aug_default_gzclient_camera(1)-2018-05-19T11_57_58.961193.jpg_auto,2
uturn/Aug_default_gzclient_camera(1)-2018-05-19T12_01_13.807741.jpg_auto,2
uturn/Aug_default_gzclient_camera(1)-2018-05-19T12_00_06.513620.jpg_auto,2
uturn/default_gzclient_camera(1)-2018-05-19T11_57_31.486650.jpg,2
uturn/default_gzclient_camera(1)-2018-05-19T12_01_13.807741.jpg,2
uturn/Aug_default_gzclient_camera(1)-2018-05-19T11_59_50.084436.jpg_auto,2
uturn/default_gzclient_camera(1)-2018-05-19T11_59_40.670904.jpg,2
uturn/Aug_default_gzclient_camera(1)-2018-05-19T11_58_21.502043.jpg_auto,2
uturn/Aug_default_gzclient_camera(1)-2018-05-19T12_01_06.054315.jpg_auto,2
uturn/default_gzclient_camera(1)-2018-05-19T11_58_12.616797.jpg,2
uturn/Aug_default_gzclient_camera(1)-2018-05-19T11_57_23.172255.jpg_auto,2
uturn/Aug_default_gzclient_camera(1)-2018-05-19T11_59_37.070116.jpg_auto,2
uturn/default_gzclient_camera(1)-2018-05-19T11_57_23.172255.jpg,2
uturn/Aug_default_gzclient_camera(1)-2018-05-19T12_00_11.718107.jpg_auto,2
uturn/default_gzclient_camera(1)-2018-05-19T11_58_15.115782.jpg,2
uturn/default_gzclient_camera(1)-2018-05-19T11_59_29.018918.jpg,2
uturn/Aug_default_gzclient_camera(1)-2018-05-19T11_57_48.646836.jpg_auto,2
uturn/default_gzclient_camera(1)-2018-05-19T11_58_24.331651.jpg,2
uturn/Aug_default_gzclient_camera(1)-2018-05-19T11_58_41.844172.jpg_auto,2
uturn/Aug_default_gzclient_camera(1)-2018-05-19T11_57_22.608406_1.jpg_auto,2
uturn/Aug_default_gzclient_camera(1)-2018-05-19T11_57_35.857688.jpg_auto,2
uturn/default_gzclient_camera(1)-2018-05-19T11_59_04.635750.jpg,2
uturn/Aug_default_gzclient_camera(1)-2018-05-19T11_59_52.626672.jpg_auto,2
uturn/default_gzclient_camera(1)-2018-05-19T11_57_58.961193.jpg,2
uturn/Aug_default_gzclient_camera(1)-2018-05-19T12_00_43.785638.jpg_auto,2
uturn/Aug_default_gzclient_camera(1)-2018-05-19T11_58_12.616797.jpg_auto,2
uturn/default_gzclient_camera(1)-2018-05-19T11_58_45.885221.jpg,2
uturn/default_gzclient_camera(1)-2018-05-19T12_00_00.701553.jpg,2
uturn/Aug_default_gzclient_camera(1)-2018-05-19T12_00_27.528725.jpg_auto,2
uturn/default_gzclient_camera(1)-2018-05-19T11_58_52.047272.jpg,2
uturn/Aug_default_gzclient_camera(1)-2018-05-19T12_00_40.475974.jpg_auto,2
uturn/default_gzclient_camera(1)-2018-05-19T12_00_46.278358.jpg,2
uturn/default_gzclient_camera(1)-2018-05-19T11_59_52.626672.jpg,2
uturn/Aug_default_gzclient_camera(1)-2018-05-19T12_00_00.701553.jpg_auto,2
uturn/Aug_default_gzclient_camera(1)-2018-05-19T11_58_07.689301.jpg_auto,2
uturn/Aug_default_gzclient_camera(1)-2018-05-19T11_57_41.431889.jpg_auto,2
uturn/default_gzclient_camera(1)-2018-05-19T11_58_58.925923.jpg,2
uturn/Aug_default_gzclient_camera(1)-2018-05-19T11_58_58.925923.jpg_auto,2
uturn/Aug_default_gzclient_camera(1)-2018-05-19T12_00_17.173423.jpg_auto,2
uturn/default_gzclient_camera(1)-2018-05-19T11_59_54.497601.jpg,2
uturn/default_gzclient_camera(1)-2018-05-19T12_00_50.297508.jpg,2
uturn/default_gzclient_camera(1)-2018-05-19T12_00_20.432826.jpg,2
uturn/Aug_default_gzclient_camera(1)-2018-05-19T11_59_44.895636.jpg_auto,2
uturn/default_gzclient_camera(1)-2018-05-19T11_57_48.646836.jpg,2
uturn/default_gzclient_camera(1)-2018-05-19T11_59_37.070116.jpg,2
uturn/Aug_default_gzclient_camera(1)-2018-05-19T11_58_02.369676.jpg_auto,2
uturn/default_gzclient_camera(1)-2018-05-19T12_00_11.718107.jpg,2
uturn/Aug_default_gzclient_camera(1)-2018-05-19T12_00_50.297508.jpg_auto,2
uturn/Aug_default_gzclient_camera(1)-2018-05-19T11_58_52.047272.jpg_auto,2
uturn/Aug_default_gzclient_camera(1)-2018-05-19T11_58_15.115782.jpg_auto,2
uturn/default_gzclient_camera(1)-2018-05-19T11_58_28.154801.jpg,2
uturn/default_gzclient_camera(1)-2018-05-19T12_00_06.513620.jpg,2
uturn/Aug_default_gzclient_camera(1)-2018-05-19T11_59_40.670904.jpg_auto,2
uturn/default_gzclient_camera(1)-2018-05-19T11_58_31.933285.jpg,2
uturn/default_gzclient_camera(1)-2018-05-19T11_57_22.608406.jpg,2
uturn/default_gzclient_camera(1)-2018-05-19T12_00_17.173423.jpg,2
uturn/Aug_default_gzclient_camera(1)-2018-05-19T11_57_31.486650.jpg_auto,2
uturn/Aug_default_gzclient_camera(1)-2018-05-19T12_01_10.978640.jpg_auto,2
uturn/Aug_default_gzclient_camera(1)-2018-05-19T11_59_09.596060.jpg_auto,2
uturn/default_gzclient_camera(1)-2018-05-19T12_01_03.581317.jpg,2
uturn/default_gzclient_camera(1)-2018-05-19T12_01_02.290088.jpg,2
right/default_gzclient_camera(1)-2018-05-19T11_55_08.520097.jpg,1
right/Aug_default_gzclient_camera(1)-2018-05-19T11_55_59.472412319.jpg_auto_,1
right/default_gzclient_camera(1)-2018-05-19T11_54_52.987232.jpg,1
right/default_gzclient_camera(1)-2018-05-19T11_54_31.093242.jpg,1
right/default_gzclient_camera(1)-2018-05-19T11_45_52.903783.jpg,1
right/default_gzclient_camera(1)-2018-05-19T11_55_25.430548.jpg,1
right/default_gzclient_camera(1)-2018-05-19T11_54_48.070546.jpg,1
right/Aug_default_gzclient_camera(1)-2018-05-19T11_55_22.434112380.jpg_auto_,1
right/Aug_default_gzclient_camera(1_1.1)-2018-05-19T11_45_23.734324.jpg_auto,1
right/Aug_default_gzclient_camera(1)-2018-05-19T11_55_34.188123110.jpg_auto_,1
right/default_gzclient_camera(1)-2018-05-19T11_55_56.202398.jpg,1
right/default_gzclient_camera(1)-2018-05-19T11_55_18.656916.jpg,1
right/default_gzclient_camera(1)-2018-05-19T11_45_41.416231.jpg,1
right/default_gzclient_camera(1)-2018-05-19T11_55_11.646589.jpg,1
right/Aug_default_gzclient_camera(1)-2018-05-19T11_54_40.511237797.jpg_auto_,1
right/default_gzclient_camera(1)-2018-05-19T11_54_35.674766.jpg,1
right/default_gzclient_camera(1)-2018-05-19T11_45_23.734324.jpg,1
right/Aug_default_gzclient_camera(1)-2018-05-19T11_54_35.674761236.jpg_auto_,1
right/default_gzclient_camera(1)-2018-05-19T11_45_30.841567.jpg,1
right/Aug_default_gzclient_camera(1)-2018-05-19T11_55_11.646123589.jpg_auto_,1
right/Aug_default_gzclient_camera(1)-2018-05-19T11_56_08.021235863.jpg_auto_,1
right/default_gzclient_camera(1)-2018-05-19T11_56_08.025863.jpg,1
right/Aug_default_gzclient_camera(1)-2018-05-19T11_47_01.110326.jpg_auto,1
right/default_gzclient_camera(1)-2018-05-19T11_47_01.110326.jpg,1
right/default_gzclient_camera(1)-2018-05-19T11_48_19.551677.jpg,1
right/Aug_default_gzclient_camera(1)-2018-05-19T11_45_52.903783.jpg_auto,1
right/Aug_default_gzclient_camera(1)-2018-05-19T11_55_16.065812354.jpg_auto_,1
right/Aug_default_gzclient_camera(1)-2018-05-19T11_48_19.551677.jpg_auto,1
right/default_gzclient_camera(1)-2018-05-19T11_48_24.711949.jpg,1
right/Aug_default_gzclient_camera(1)-2018-05-19T11_48_24.711949.jpg_auto,1
right/Aug_default_gzclient_camera(1)-2018-05-19T11_54_31.093123242.jpg_auto_,1
right/Aug_default_gzclient_camera(1)-2018-05-19T11_46_37.917553.jpg_auto,1
right/Aug_default_gzclient_camera(1)-2018-05-19T11_56_25.930512320.jpg_auto_,1
right/Aug_default_gzclient_camera(1)-2018-05-19T11_55_46.386123282.jpg_auto_,1
right/default_gzclient_camera(1)-2018-05-19T11_45_45.370338.jpg,1
right/default_gzclient_camera(1)-2018-05-19T11_45_20.211723.jpg,1
right/default_gzclient_camera(1)-2018-05-19T11_47_21.002253.jpg,1
right/Aug_default_gzclient_camera(1)-2018-05-19T11_45_14.184884.jpg_auto,1
right/Aug_default_gzclient_camera(1_1.1)-2018-05-19T11_45_30.841567.jpg_auto,1
right/Aug_default_gzclient_camera(1_1.1)-2018-05-19T11_45_28.227185.jpg_auto,1
right/default_gzclient_camera(1)-2018-05-19T11_46_37.917553.jpg,1
right/Aug_default_gzclient_camera(1_1.2)-2018-05-19T11_45_28.227185.jpg_auto,1
right/default_gzclient_camera(1)-2018-05-19T11_56_17.829810.jpg,1
right/default_gzclient_camera(1)-2018-05-19T11_55_22.434180.jpg,1
right/Aug_default_gzclient_camera(1_1.2)-2018-05-19T11_45_20.211723.jpg_auto,1
right/Aug_default_gzclient_camera(1)-2018-05-19T11_55_18.656123916.jpg_auto_,1
right/Aug_default_gzclient_camera(1)-2018-05-19T11_45_28.227185.jpg_auto,1
right/Aug_default_gzclient_camera(1_1.1)-2018-05-19T11_45_20.211723.jpg_auto,1
right/Aug_default_gzclient_camera(1)-2018-05-19T11_55_08.521230097.jpg_auto_,1
right/default_gzclient_camera(1)-2018-05-19T11_47_06.885529.jpg,1
right/Aug_default_gzclient_camera(1)-2018-05-19T11_45_33.649286.jpg_auto,1
right/Aug_default_gzclient_camera(1)-2018-05-19T11_45_23.734324.jpg_auto,1
right/default_gzclient_camera(1)-2018-05-19T11_46_57.602591.jpg,1
right/Aug_default_gzclient_camera(1_1.1)-2018-05-19T11_53_55.111652.jpg_auto,1
right/default_gzclient_camera(1)-2018-05-19T11_54_01.080223.jpg,1
right/Aug_default_gzclient_camera(1_1.1)-2018-05-19T11_45_17.601741.jpg_auto,1
right/Aug_default_gzclient_camera(1)-2018-05-19T11_54_44.27611202.jpg_auto_,1
right/default_gzclient_camera(1)-2018-05-19T11_47_17.119430.jpg,1
right/default_gzclient_camera(1)-2018-05-19T11_54_57.804252.jpg,1
right/Aug_default_gzclient_camera(1)-2018-05-19T11_46_57.602591.jpg_auto,1
right/Aug_default_gzclient_camera(1)-2018-05-19T11_46_42.683176.jpg_auto,1
right/Aug_default_gzclient_camera(1)-2018-05-19T11_45_17.601741.jpg_auto,1
right/default_gzclient_camera(1)-2018-05-19T11_55_46.386282.jpg,1
right/Aug_default_gzclient_camera(1)-2018-05-19T11_46_25.372920.jpg_auto,1
right/default_gzclient_camera(1)-2018-05-19T11_55_59.472419.jpg,1
right/Aug_default_gzclient_camera(1)-2018-05-19T11_45_20.211723.jpg_auto,1
right/Aug_default_gzclient_camera(1)-2018-05-19T11_45_37.545511.jpg_auto,1
right/default_gzclient_camera(1)-2018-05-19T11_54_10.718202.jpg,1
right/Aug_default_gzclient_camera(1)-2018-05-19T11_47_43.473033.jpg_auto,1
right/Aug_default_gzclient_camera(1)-2018-05-19T11_56_37.2021234691.jpg_auto_,1
right/Aug_default_gzclient_camera(1_1.2)-2018-05-19T11_53_55.111652.jpg_auto,1
right/default_gzclient_camera(1)-2018-05-19T11_46_45.772916.jpg,1
right/Aug_default_gzclient_camera(1)-2018-05-19T11_47_21.002253.jpg_auto,1
right/Aug_default_gzclient_camera(1)-2018-05-19T11_47_17.119430.jpg_auto,1
right/default_gzclient_camera(1)-2018-05-19T11_54_40.517797.jpg,1
right/Aug_default_gzclient_camera(1_1)-2018-05-19T11_45_17.601741.jpg_auto,1
right/default_gzclient_camera(1)-2018-05-19T11_47_26.965061.jpg,1
right/default_gzclient_camera(1)-2018-05-19T11_53_55.111652.jpg,1
right/Aug_default_gzclient_camera(1)-2018-05-19T11_55_38.55555123.jpg_auto_,1
right/Aug_default_gzclient_camera(_1)-2018-05-19T11_45_17.601741.jpg_auto,1
right/default_gzclient_camera(1)-2018-05-19T11_54_18.623688.jpg,1
right/default_gzclient_camera(1)-2018-05-19T11_46_42.683176.jpg,1
right/Aug_default_gzclient_camera(1)-2018-05-19T11_46_22.050905.jpg_auto,1
right/default_gzclient_camera(1)-2018-05-19T11_45_33.649286.jpg,1
right/default_gzclient_camera(1)-2018-05-19T11_56_37.202691.jpg,1
right/Aug_default_gzclient_camera(1)-2018-05-19T11_54_01.080223.jpg_auto,1
right/Aug_default_gzclient_camera(1)-2018-05-19T11_46_45.772916.jpg_auto,1
right/default_gzclient_camera(1)-2018-05-19T11_56_25.930520.jpg,1
right/default_gzclient_camera(1)-2018-05-19T11_54_23.623340.jpg,1
right/Aug_default_gzclient_camera(1_1.3)-2018-05-19T11_45_30.841567.jpg_auto,1
right/default_gzclient_camera(1)-2018-05-19T11_55_00.746987.jpg,1
right/Aug_default_gzclient_camera(1)-2018-05-19T11_55_25.430542348.jpg_auto_,1
right/default_gzclient_camera(1)-2018-05-19T11_55_52.395314.jpg,1
right/Aug_default_gzclient_camera(1)-2018-05-19T11_56_17.829811230.jpg_auto_,1
right/Aug_default_gzclient_camera(1)-2018-05-19T11_46_29.007363.jpg_auto,1
right/Aug_default_gzclient_camera(1)-2018-05-19T11_54_48.070512346.jpg_auto_,1
right/Aug_default_gzclient_camera(1)-2018-05-19T11_47_06.885529.jpg_auto,1
right/Aug_default_gzclient_camera(1)-2018-05-19T11_45_45.370338.jpg_auto,1
right/Aug_default_gzclient_camera(1)-2018-05-19T11_55_52.395123314.jpg_auto_,1
right/Aug_default_gzclient_camera(1)-2018-05-19T11_47_33.425690.jpg_auto,1
right/Aug_default_gzclient_camera(1_1.4)-2018-05-19T11_45_30.841567.jpg_auto,1
right/default_gzclient_camera(1)-2018-05-19T11_55_38.555553.jpg,1
right/Aug_default_gzclient_camera(1)-2018-05-19T11_55_56.202123398.jpg_auto_,1
right/Aug_default_gzclient_camera(1)-2018-05-19T11_45_41.416231.jpg_auto,1
right/default_gzclient_camera(1)-2018-05-19T11_56_04.247698.jpg,1
right/default_gzclient_camera(1)-2018-05-19T11_45_14.184884.jpg,1
right/Aug_default_gzclient_camera(1)-2018-05-19T11_55_00.746912387.jpg_auto_,1
right/default_gzclient_camera(1)-2018-05-19T11_46_29.007363.jpg,1
right/Aug_default_gzclient_camera(1)-2018-05-19T11_47_23.120751.jpg_auto,1
right/default_gzclient_camera(1)-2018-05-19T11_55_16.065854.jpg,1
right/default_gzclient_camera(1)-2018-05-19T11_45_17.601741.jpg,1
right/Aug_default_gzclient_camera(1)-2018-05-19T11_47_26.965061.jpg_auto,1
right/Aug_default_gzclient_camera(1_1.3)-2018-05-19T11_45_23.734324.jpg_auto,1
right/Aug_default_gzclient_camera(1)-2018-05-19T11_53_55.111652.jpg_auto,1
right/default_gzclient_camera(1)-2018-05-19T11_47_33.425690.jpg,1
right/default_gzclient_camera(1)-2018-05-19T11_55_34.188110.jpg,1
right/default_gzclient_camera(1)-2018-05-19T11_46_22.050905.jpg,1
right/Aug_default_gzclient_camera(1)-2018-05-19T11_56_04.247123698.jpg_auto_,1
right/default_gzclient_camera(1)-2018-05-19T11_47_23.120751.jpg,1
right/Aug_default_gzclient_camera(1)-2018-05-19T11_54_52.981237232.jpg_auto_,1
right/default_gzclient_camera(1)-2018-05-19T11_45_28.227185.jpg,1
right/default_gzclient_camera(1)-2018-05-19T11_45_37.545511.jpg,1
right/default_gzclient_camera(1)-2018-05-19T11_46_25.372920.jpg,1
right/Aug_default_gzclient_camera(1)-2018-05-19T11_54_57.801234252.jpg_auto_,1
right/default_gzclient_camera(1)-2018-05-19T11_47_43.473033.jpg,1
right/Aug_default_gzclient_camera(1)-2018-05-19T11_45_30.841567.jpg_auto,1
right/Aug_default_gzclient_camera(1_1.2)-2018-05-19T11_45_23.734324.jpg_auto,1
right/default_gzclient_camera(1)-2018-05-19T11_54_27.175278.jpg,1
right/default_gzclient_camera(1)-2018-05-19T11_54_44.276102.jpg,1
stop/gaussian_blur_s1.png,3
stop/s7.png,3
stop/add_s2.png,3
stop/s5.png,3
stop/gaussian_blur_s4.png,3
stop/gaussian_blur_s3.png,3
stop/add1_s5.png,3
stop/add1_s7.png,3
stop/gaussian_blur_s5.png,3
stop/add_s4.png,3
stop/s2.png,3
stop/s3.png,3
stop/add1_s6.png,3
stop/add_s3.png,3
stop/gaussian_blur_s8.png,3
stop/s1.png,3
stop/gaussian_blur_s2.png,3
stop/s8.png,3
stop/gaussian_blur_s6.png,3
stop/add1_s8.png,3
stop/s6.png,3
stop/s4.png,3
stop/add_s1.png,3
stop/gaussian_blur_s7.png,3
left/Aug_default_gzclient_camera(1)-2018-05-19T11_34_56.4990800.jpg_auto_,0
left/Aug_default_gzclient_camera(1)-2018-05-19T11_35_34.0429333.jpg_auto_,0
left/Aug_default_gzclient_camera(1)-2018-05-19T11_29_52.895044.jpg_auto,0
left/Aug_default_gzclient_camera(1)-2018-05-19T11_34_42.7335412348.jpg_auto_,0
left/Aug_default_gzclient_camera(1)-2018-05-19T11_24_47.142698.jpg,0
left/Aug_default_gzclient_camera(_2.1)-2018-05-19T11_25_33.578518.jpg_auto,0
left/default_gzclient_camera(1)-2018-05-19T11_34_30.885128.jpg,0
left/Aug_default_gzclient_camera(1)-2018-05-19T11_25_47.835897.jpg,0
left/default_gzclient_camera(1)-2018-05-19T11_30_07.943299.jpg,0
left/Aug_default_gzclient_camera(1)-2018-05-19T11_35_36.9124503.jpg_auto_,0
left/Aug_default_gzclient_camera(5_1)-2018-05-19T11_27_43.950524.jpg_auto,0
left/Aug_default_gzclient_camera(1)-2018-05-19T11_31_02.65545223.jpg_auto_,0
left/default_gzclient_camera(1)-2018-05-19T11_30_42.020880.jpg,0
left/Aug_default_gzclient_camera(1)-2018-05-19T11_34_18.879123825.jpg_auto_,0
left/default_gzclient_camera(1)-2018-05-19T11_24_46.332876.jpg,0
left/default_gzclient_camera(1)-2018-05-19T11_26_24.932800.jpg,0
left/Aug_default_gzclient_camera(1)-2018-05-19T11_30_31.1448980.jpg_auto_,0
left/Aug_default_gzclient_camera(1)-2018-05-19T11_25_42.461841.jpg_auto,0
left/Aug_default_gzclient_camera(1)-2018-05-19T11_27_48.549948.jpg_auto,0
left/default_gzclient_camera(1)-2018-05-19T11_34_56.499000.jpg,0
left/Aug_default_gzclient_camera(1)-2018-05-19T11_24_47.601328 (copy).jpg_auto,0
left/Aug_default_gzclient_camera(1)-2018-05-19T11_34_45.308423.jpg,0
left/Aug_default_gzclient_camera(1)-2018-05-19T11_24_44.582940.jpg_auto,0
left/default_gzclient_camera(1)-2018-05-19T11_31_28.686401.jpg,0
left/default_gzclient_camera(1)-2018-05-19T11_34_03.383448.jpg,0
left/Aug_default_gzclient_camera(_1)-2018-05-19T11_25_42.461841.jpg_auto,0
left/Aug_default_gzclient_camera(1)-2018-05-19T11_35_07.51911110.jpg_auto_,0
left/default_gzclient_camera(1)-2018-05-19T11_35_34.042933.jpg,0
left/Aug_default_gzclient_camera(1)-2018-05-19T11_29_55.569516.jpg,0
left/Aug_default_gzclient_camera(1)-2018-05-19T11_24_44.582940.jpg,0
left/Aug_default_gzclient_camera(1)-2018-05-19T11_30_31.144898.jpg,0
left/Aug_default_gzclient_camera(6_1)-2018-05-19T11_27_48.549948.jpg_auto,0
left/Aug_default_gzclient_camera(1)-2018-05-19T11_30_02.109179.jpg,0
left/Aug_default_gzclient_camera(1)-2018-05-19T11_25_28.585431.jpg,0
left/Aug_default_gzclient_camera(1)-2018-05-19T11_27_25.426328.jpg,0
left/default_gzclient_camera(1)-2018-05-19T11_30_45.841213.jpg,0
left/default_gzclient_camera(1)-2018-05-19T11_27_48.986902.jpg,0
left/Aug_default_gzclient_camera(1)-2018-05-19T11_28_06.431424.jpg,0
left/Aug_default_gzclient_camera(1)-2018-05-19T11_34_42.7333548.jpg_auto_,0
left/default_gzclient_camera(1)-2018-05-19T11_31_02.655452.jpg,0
left/Aug_default_gzclient_camera(4_1)-2018-05-19T11_25_51.739187.jpg_auto,0
left/Aug_default_gzclient_camera(_1)-2018-05-19T11_25_28.585431.jpg_auto,0
left/Aug_default_gzclient_camera(1)-2018-05-19T11_31_02.6554522.jpg_auto_,0
left/Aug_default_gzclient_camera(1)-2018-05-19T11_26_38.046891.jpg,0
left/Aug_default_gzclient_camera(1)-2018-05-19T11_34_30.8851728.jpg_auto_,0
left/Aug_default_gzclient_camera(1)-2018-05-19T11_24_46.332876.jpg,0
left/Aug_default_gzclient_camera(_1.1)-2018-05-19T11_25_39.764552.jpg_auto,0
left/Aug_default_gzclient_camera(_4.1)-2018-05-19T11_25_33.578518.jpg_auto,0
left/default_gzclient_camera(1)-2018-05-19T11_28_06.431424.jpg,0
left/Aug_default_gzclient_camera(1)-2018-05-19T11_25_47.835897.jpg_auto,0
left/Aug_default_gzclient_camera(1)-2018-05-19T11_30_428.033493.jpg_auto_,0
left/Aug_default_gzclient_camera(2_1)-2018-05-19T11_26_07.512699.jpg_auto,0
left/Aug_default_gzclient_camera(1)-2018-05-19T11_34_33.820946.jpg,0
left/Aug_default_gzclient_camera(1)-2018-05-19T11_31_28.686132401.jpg_auto_,0
left/default_gzclient_camera(1)-2018-05-19T11_35_02.411670.jpg,0
left/Aug_default_gzclient_camera(1)-2018-05-19T11_31_07.333402346.jpg_auto_,0
left/Aug_default_gzclient_camera(3_1)-2018-05-19T11_27_43.950524.jpg_auto,0
left/Aug_default_gzclient_camera(1)-2018-05-19T11_29_59.565562.jpg_auto,0
left/Aug_default_gzclient_camera(9_1)-2018-05-19T11_26_07.512699.jpg_auto,0
left/default_gzclient_camera(1)-2018-05-19T11_30_31.144898.jpg,0
left/default_gzclient_camera(1)-2018-05-19T11_24_47.142698.jpg,0
left/Aug_default_gzclient_camera(1)-2018-05-19T11_27_51.090193.jpg,0
left/Aug_default_gzclient_camera(1)-2018-05-19T11_24_47.828664.jpg,0
left/default_gzclient_camera(1)-2018-05-19T11_30_54.188979.jpg,0
left/Aug_default_gzclient_camera(_2.1)-2018-05-19T11_25_39.764552.jpg_auto,0
left/Aug_default_gzclient_camera(1)-2018-05-19T11_35_13.12047825.jpg_auto_,0
left/Aug_default_gzclient_camera(1)-2018-05-19T11_31_16.192582123.jpg_auto_,0
left/Aug_default_gzclient_camera(1)-2018-05-19T11_35_41.56523863.jpg_auto_,0
left/Aug_default_gzclient_camera(1)-2018-05-19T11_35_28.369146.jpg,0
left/default_gzclient_camera(1)-2018-05-19T11_35_07.519110.jpg,0
left/default_gzclient_camera(1_1)-2018-05-19T11_26_24.932800.jpg,0
left/default_gzclient_camera(1)-2018-05-19T11_35_10.567912.jpg,0
left/Aug_default_gzclient_camera(1)-2018-05-19T11_26_50.641393.jpg_auto,0
left/Aug_default_gzclient_camera(1)-2018-05-19T11_34_42.733548.jpg,0
left/default_gzclient_camera(1)-2018-05-19T11_31_10.299101.jpg,0
left/default_gzclient_camera(0_1)-2018-05-19T11_26_07.512699.jpg,0
left/Aug_default_gzclient_camera(_1)-2018-05-19T11_24_54.640512.jpg_auto,0
left/Aug_default_gzclient_camera(_1)-2018-05-19T11_25_39.764552.jpg_auto,0
left/default_gzclient_camera(1_1)-2018-05-19T11_25_39.764552.jpg,0
left/default_gzclient_camera(1)-2018-05-19T11_30_57.957142.jpg,0
left/default_gzclient_camera(1)-2018-05-19T11_34_45.308423.jpg,0
left/default_gzclient_camera(1)-2018-05-19T11_34_50.628836.jpg,0
left/default_gzclient_camera(1)-2018-05-19T11_24_47.601328.jpg,0
left/Aug_default_gzclient_camera(1)-2018-05-19T11_29_59.565562.jpg,0
left/Aug_default_gzclient_camera(1)-2018-05-19T11_35_07.4519110.jpg_auto_,0
left/Aug_default_gzclient_camera(1)-2018-05-19T11_26_42.521188.jpg,0
left/Aug_default_gzclient_camera(9_1)-2018-05-19T11_27_51.090193.jpg_auto,0
left/default_gzclient_camera(1)-2018-05-19T11_30_37.141329.jpg,0
left/Aug_default_gzclient_camera(1)-2018-05-19T11_25_36.822751.jpg,0
left/Aug_default_gzclient_camera(1_1)-2018-05-19T11_26_24.932800.jpg_auto,0
left/Aug_default_gzclient_camera(1)-2018-05-19T11_25_28.585431.jpg_auto,0
left/Aug_default_gzclient_camera(1)-2018-05-19T11_34_03.383234448.jpg_auto_,0
left/Aug_default_gzclient_camera(1)-2018-05-19T11_29_53.237948.jpg_auto,0
left/Aug_default_gzclient_camera(1)-2018-05-19T11_25_51.739187.jpg_auto,0
left/default_gzclient_camera(1)-2018-05-19T11_34_38.750970.jpg,0
left/Aug_default_gzclient_camera(1)-2018-05-19T11_24_54.640512.jpg,0
left/Aug_default_gzclient_camera(1)-2018-05-19T11_29_55.569516.jpg_auto,0
left/Aug_default_gzclient_camera(1)-2018-05-19T11_30_48.033493.jpg,0
left/default_gzclient_camera(1)-2018-05-19T11_34_08.122622.jpg,0
left/default_gzclient_camera(1)-2018-05-19T11_25_28.585431.jpg,0
left/Aug_default_gzclient_camera(1)-2018-05-19T11_31_39.2680887.jpg_auto_,0
left/Aug_default_gzclient_camera(1)-2018-05-19T11_35_28.3691146.jpg_auto_,0
left/Aug_default_gzclient_camera(3_1)-2018-05-19T11_25_47.835897.jpg_auto,0
left/Aug_default_gzclient_camera(3_1)-2018-05-19T11_25_42.461841.jpg_auto,0
left/Aug_default_gzclient_camera(2_1)-2018-05-19T11_26_24.932800.jpg_auto,0
left/default_gzclient_camera(1_1)-2018-05-19T11_27_43.950524.jpg,0
left/Aug_default_gzclient_camera(1)-2018-05-19T11_26_50.641393.jpg,0
left/Aug_default_gzclient_camera(1_1)-2018-05-19T11_26_07.512699.jpg_auto,0
left/Aug_default_gzclient_camera(1)-2018-05-19T11_34_54.1143107.jpg_auto_,0
left/Aug_default_gzclient_camera(1)-2018-05-19T11_25_36.822751.jpg_auto,0
left/Aug_default_gzclient_camera(1)-2018-05-19T11_31_29.382910.jpg,0
left/Aug_default_gzclient_camera(1)-2018-05-19T11_30_54.188979.jpg,0
left/Aug_default_gzclient_camera(1)-2018-05-19T11_27_14.465195.jpg_auto,0
left/Aug_default_gzclient_camera(1)-2018-05-19T11_34_50.12628836.jpg_auto_,0
left/Aug_default_gzclient_camera(1)-2018-05-19T11_34_50.628836.jpg,0
left/Aug_default_gzclient_camera(1)-2018-05-19T11_26_07.960215.jpg,0
left/Aug_default_gzclient_camera(1)-2018-05-19T11_34_50.6288366.jpg_auto_,0
left/default_gzclient_camera(1)-2018-05-19T11_25_51.739187.jpg,0
left/default_gzclient_camera(1)-2018-05-19T11_28_01.434671.jpg,0
left/Aug_default_gzclient_camera(1)-2018-05-19T11_27_03.984674.jpg,0
left/Aug_default_gzclient_camera(1)-2018-05-19T11_34_03.3834448.jpg_auto_,0
left/Aug_default_gzclient_camera(1)-2018-05-19T11_24_46.332876.jpg_auto,0
left/Aug_default_gzclient_camera(_4.1)-2018-05-19T11_25_39.764552.jpg_auto,0
left/Aug_default_gzclient_camera(1)-2018-05-19T11_30_07.943299.jpg_auto,0
left/Aug_default_gzclient_camera(1)-2018-05-19T11_30_54.18892379.jpg_auto_,0
left/default_gzclient_camera(1)-2018-05-19T11_27_14.465195.jpg,0
left/Aug_default_gzclient_camera(1)-2018-05-19T11_34_03.383448.jpg,0
left/Aug_default_gzclient_camera(1)-2018-05-19T11_35_45.544264.jpg,0
left/Aug_default_gzclient_camera(1)-2018-05-19T11_34_33.8209146.jpg_auto_,0
left/default_gzclient_camera(1)-2018-05-19T11_35_45.544264.jpg,0
left/default_gzclient_camera(1)-2018-05-19T11_30_08.205681.jpg,0
left/default_gzclient_camera(1)-2018-05-19T11_30_02.109179.jpg,0
left/Aug_default_gzclient_camera(1_1)-2018-05-19T11_25_39.764552.jpg_auto,0
left/Aug_default_gzclient_camera(1)-2018-05-19T11_25_33.578518.jpg,0
left/Aug_default_gzclient_camera(1)-2018-05-19T11_31_28.68640102.jpg_auto_,0
left/Aug_default_gzclient_camera(1)-2018-05-19T11_27_43.950524.jpg,0
left/Aug_default_gzclient_camera(2_1)-2018-05-19T11_25_28.585431.jpg_auto,0
left/Aug_default_gzclient_camera(1)-2018-05-19T11_26_38.046891.jpg_auto,0
left/default_gzclient_camera(1)-2018-05-19T11_34_42.733548.jpg,0
left/Aug_default_gzclient_camera(1)-2018-05-19T11_35_45.544234264.jpg_auto_,0
left/default_gzclient_camera(1_1)-2018-05-19T11_25_47.835897.jpg,0
left/Aug_default_gzclient_camera(1)-2018-05-19T11_34_38.7509770.jpg_auto_,0
left/Aug_default_gzclient_camera(1)-2018-05-19T11_35_34.0422933.jpg_auto_,0
left/Aug_default_gzclient_camera(1)-2018-05-19T11_27_34.568201.jpg,0
left/default_gzclient_camera(1)-2018-05-19T11_31_35.800683.jpg,0
left/default_gzclient_camera(1)-2018-05-19T11_27_03.984674.jpg,0
left/Aug_default_gzclient_camera(1)-2018-05-19T11_30_57.957234142.jpg_auto_,0
left/Aug_default_gzclient_camera(1)-2018-05-19T11_34_08.122622.jpg,0
left/default_gzclient_camera(1)-2018-05-19T11_30_23.222593.jpg,0
left/Aug_default_gzclient_camera(1)-2018-05-19T11_31_10.29910101.jpg_auto_,0
left/Aug_default_gzclient_camera(1)-2018-05-19T11_34_25.318095.jpg,0
left/default_gzclient_camera(1)-2018-05-19T11_27_55.735536.jpg,0
left/default_gzclient_camera(1)-2018-05-19T11_24_55.367641.jpg,0
left/Aug_default_gzclient_camera(1)-2018-05-19T11_31_16.192582.jpg,0
left/Aug_default_gzclient_camera(1)-2018-05-19T11_30_02.109179.jpg_auto,0
left/Aug_default_gzclient_camera(1)-2018-05-19T11_31_07.33340606.jpg_auto_,0
left/Aug_default_gzclient_camera(1)-2018-05-19T11_31_10.299101.jpg,0
left/Aug_default_gzclient_camera(1_1)-2018-05-19T11_25_47.835897.jpg_auto,0
left/Aug_default_gzclient_camera(1)-2018-05-19T11_34_12.577951.jpg,0
left/Aug_default_gzclient_camera(1)-2018-05-19T11_34_38.750970.jpg,0
left/Aug_default_gzclient_camera(1)-2018-05-19T11_34_25.318012395.jpg_auto_,0
left/Aug_default_gzclient_camera(1)-2018-05-19T11_31_35.800683.jpg,0
left/default_gzclient_camera(1)-2018-05-19T11_25_39.764552.jpg,0
left/Aug_default_gzclient_camera(1)-2018-05-19T11_30_51.62391462.jpg_auto_,0
left/Aug_default_gzclient_camera(1)-2018-05-19T11_27_30.398515.jpg,0
left/Aug_default_gzclient_camera(_1)-2018-05-19T11_24_47.828664.jpg_auto,0
left/Aug_default_gzclient_camera(_1)-2018-05-19T11_26_24.932800.jpg_auto,0
left/default_gzclient_camera(1)-2018-05-19T11_31_07.333406.jpg,0
left/Aug_default_gzclient_camera(1)-2018-05-19T11_35_10.5657912.jpg_auto_,0
left/Aug_default_gzclient_camera(1)-2018-05-19T11_34_25.3180195.jpg_auto_,0
left/default_gzclient_camera(1)-2018-05-19T11_29_55.569516.jpg,0
left/default_gzclient_camera(1)-2018-05-19T11_27_38.758385.jpg,0
left/default_gzclient_camera(1)-2018-05-19T11_34_54.114307.jpg,0
left/Aug_default_gzclient_camera(1)-2018-05-19T11_35_28.369146.jpg_auto_,0
left/Aug_default_gzclient_camera(1)-2018-05-19T11_31_16.19258282.jpg_auto_,0
left/Aug_default_gzclient_camera(1)-2018-05-19T11_26_29.114783.jpg_auto,0
left/Aug_default_gzclient_camera(1)-2018-05-19T11_31_07.333406.jpg,0
left/default_gzclient_camera(1)-2018-05-19T11_27_21.839063.jpg,0
left/Aug_default_gzclient_camera(1)-2018-05-19T11_31_32.038437.jpg,0
left/Aug_default_gzclient_camera(1)-2018-05-19T11_25_39.764552.jpg_auto,0
left/default_gzclient_camera(1)-2018-05-19T11_35_36.924503.jpg,0
left/default_gzclient_camera(1_1)-2018-05-19T11_25_28.585431.jpg,0
left/Aug_default_gzclient_camera(1)-2018-05-19T11_35_36.92423503.jpg_auto_,0
left/Aug_default_gzclient_camera(3_1)-2018-05-19T11_25_51.739187.jpg_auto,0
left/default_gzclient_camera(1)-2018-05-19T11_26_38.046891.jpg,0
left/Aug_default_gzclient_camera(1)-2018-05-19T11_34_30.885128.jpg,0
left/default_gzclient_camera(1)-2018-05-19T11_35_13.120425.jpg,0
left/Aug_default_gzclient_camera(1)-2018-05-19T11_34_30.881235128.jpg_auto_,0
left/Aug_default_gzclient_camera(1)-2018-05-19T11_31_39.268024332487.jpg_auto_,0
left/Aug_default_gzclient_camera(_1)-2018-05-19T11_26_07.512699.jpg_auto,0
left/Aug_default_gzclient_camera(1)-2018-05-19T11_31_02.655452.jpg,0
left/Aug_default_gzclient_camera(1)-2018-05-19T11_30_45.841213.jpg,0
left/Aug_default_gzclient_camera(1)-2018-05-19T11_26_07.512699.jpg,0
left/Aug_default_gzclient_camera(1)-2018-05-19T11_26_47.468066.jpg_auto,0
left/default_gzclient_camera(1)-2018-05-19T11_31_16.192582.jpg,0
left/Aug_default_gzclient_camera(_1)-2018-05-19T11_25_33.578518.jpg_auto,0
left/Aug_default_gzclient_camera(1)-2018-05-19T11_26_42.521188.jpg_auto,0
left/default_gzclient_camera(1)-2018-05-19T11_27_51.090193.jpg,0
left/Aug_default_gzclient_camera(1)-2018-05-19T11_29_44.957459.jpg_auto,0
left/Aug_default_gzclient_camera(1)-2018-05-19T11_30_08.205681.jpg,0
left/Aug_default_gzclient_camera(1)-2018-05-19T11_25_39.764552.jpg,0
left/Aug_default_gzclient_camera(1)-2018-05-19T11_34_14.942689.jpg,0
left/default_gzclient_camera(1_1)-2018-05-19T11_25_51.739187.jpg,0
left/Aug_default_gzclient_camera(1)-2018-05-19T11_30_42.020880.jpg,0
left/Aug_default_gzclient_camera(1)-2018-05-19T11_24_47.142698.jpg_auto,0
left/Aug_default_gzclient_camera(2_1)-2018-05-19T11_25_39.764552.jpg_auto,0
left/Aug_default_gzclient_camera(1)-2018-05-19T11_35_36.924503.jpg,0
left/default_gzclient_camera(1)-2018-05-19T11_34_18.879825.jpg,0
left/Aug_default_gzclient_camera(1_1)-2018-05-19T11_25_28.585431.jpg_auto,0
left/default_gzclient_camera(1)-2018-05-19T11_26_07.512699.jpg,0
left/Aug_default_gzclient_camera(_3.1)-2018-05-19T11_25_33.578518.jpg_auto,0
left/default_gzclient_camera(1)-2018-05-19T11_27_43.950524.jpg,0
left/Aug_default_gzclient_camera(4_1)-2018-05-19T11_26_07.512699.jpg_auto,0
left/Aug_default_gzclient_camera(1)-2018-05-19T11_28_06.431424.jpg_auto,0
left/default_gzclient_camera(1)-2018-05-19T11_24_44.582940.jpg,0
left/Aug_default_gzclient_camera(1)-2018-05-19T11_29_44.957459.jpg,0
left/Aug_default_gzclient_camera(1)-2018-05-19T11_30_31.144823498.jpg_auto_,0
left/Aug_default_gzclient_camera(1)-2018-05-19T11_35_02.411670.jpg,0
left/default_gzclient_camera(00_1)-2018-05-19T11_25_28.585431.jpg,0
left/Aug_default_gzclient_camera(1_1)-2018-05-19T11_27_43.950524.jpg_auto,0
left/Aug_default_gzclient_camera(1)-2018-05-19T11_27_48.549948.jpg,0
left/Aug_default_gzclient_camera(1)-2018-05-19T11_35_13.1204325.jpg_auto_,0
left/Aug_default_gzclient_camera(1)-2018-05-19T11_31_35.802340683.jpg_auto_,0
left/Aug_default_gzclient_camera(1)-2018-05-19T11_27_38.758385.jpg,0
left/Aug_default_gzclient_camera(1)-2018-05-19T11_24_55.367641.jpg,0
left/default_gzclient_camera(1)-2018-05-19T11_31_39.268087.jpg,0
left/default_gzclient_camera(1)-2018-05-19T11_34_33.820946.jpg,0
left/Aug_default_gzclient_camera(1)-2018-05-19T11_30_08.205681.jpg_auto,0
left/default_gzclient_camera(1)-2018-05-19T11_26_42.521188.jpg,0
left/Aug_default_gzclient_camera(1)-2018-05-19T11_35_02.41164570.jpg_auto_,0
left/Aug_default_gzclient_camera(1)-2018-05-19T11_30_05.798972.jpg_auto,0
left/Aug_default_gzclient_camera(1)-2018-05-19T11_26_29.114783.jpg,0
left/Aug_default_gzclient_camera(1)-2018-05-19T11_35_07.519110.jpg,0
left/Aug_default_gzclient_camera(1)-2018-05-19T11_26_07.960215.jpg_auto,0
left/Aug_default_gzclient_camera(1)-2018-05-19T11_34_18.879825.jpg,0
left/Aug_default_gzclient_camera(1)-2018-05-19T11_34_56.4990100.jpg_auto_,0
left/Aug_default_gzclient_camera(1)-2018-05-19T11_30_37.141329.jpg,0
left/Aug_default_gzclient_camera(1)-2018-05-19T11_24_47.601328.jpg_auto,0
left/Aug_default_gzclient_camera(_1)-2018-05-19T11_24_55.367641.jpg_auto,0
left/Aug_default_gzclient_camera(1)-2018-05-19T11_35_34.042933.jpg,0
left/Aug_default_gzclient_camera(1)-2018-05-19T11_30_37.1432421329.jpg_auto_,0
left/Aug_default_gzclient_camera(_1.1)-2018-05-19T11_25_33.578518.jpg_auto,0
left/Aug_default_gzclient_camera(1)-2018-05-19T11_27_34.568201.jpg_auto,0
left/Aug_default_gzclient_camera(1)-2018-05-19T11_24_47.828664.jpg_auto,0
left/Aug_default_gzclient_camera(1)-2018-05-19T11_35_02.4116170.jpg_auto_,0
left/Aug_default_gzclient_camera(1)-2018-05-19T11_27_30.398515.jpg_auto,0
left/Aug_default_gzclient_camera(1)-2018-05-19T11_34_54.114307.jpg,0
left/Aug_default_gzclient_camera(1)-2018-05-19T11_27_48.986902.jpg,0
left/Aug_default_gzclient_camera(1)-2018-05-19T11_34_54.112314307.jpg_auto_,0
left/default_gzclient_camera(1)-2018-05-19T11_27_48.549948.jpg,0
left/Aug_default_gzclient_camera(111_1)-2018-05-19T11_25_51.739187.jpg_auto,0
left/default_gzclient_camera(1)-2018-05-19T11_24_54.640512.jpg,0
left/Aug_default_gzclient_camera(1)-2018-05-19T11_35_10.567912.jpg,0
left/Aug_default_gzclient_camera(5_1)-2018-05-19T11_26_07.512699.jpg_auto,0
left/default_gzclient_camera(1)-2018-05-19T11_30_48.033493.jpg,0
left/Aug_default_gzclient_camera(1)-2018-05-19T11_29_52.895044.jpg,0
left/Aug_default_gzclient_camera(1)-2018-05-19T11_30_57.9571432.jpg_auto_,0
left/Aug_default_gzclient_camera(1)-2018-05-19T11_30_15.1183484.jpg_auto_,0
left/Aug_default_gzclient_camera(1)-2018-05-19T11_31_29.38291340.jpg_auto_,0
left/default_gzclient_camera(1)-2018-05-19T11_35_28.369146.jpg,0
left/Aug_default_gzclient_camera(1)-2018-05-19T11_30_51.69231462.jpg_auto_,0
left/Aug_default_gzclient_camera(1)-2018-05-19T11_34_33.8209123146.jpg_auto_,0
left/Aug_default_gzclient_camera(1)-2018-05-19T11_26_07.512699.jpg_auto,0
left/default_gzclient_camera(1)-2018-05-19T11_25_33.578518.jpg,0
left/default_gzclient_camera(1)-2018-05-19T11_34_25.318095.jpg,0
left/Aug_default_gzclient_camera(0_1)-2018-05-19T11_26_07.512699.jpg_auto,0
left/default_gzclient_camera(1)-2018-05-19T11_25_42.461841.jpg,0
left/default_gzclient_camera(1)-2018-05-19T11_25_36.822751.jpg,0
left/Aug_default_gzclient_camera(1)-2018-05-19T11_35_41.5658623.jpg_auto_,0
left/Aug_default_gzclient_camera(1)-2018-05-19T11_30_05.798972.jpg,0
left/Aug_default_gzclient_camera(_1)-2018-05-19T11_27_43.950524.jpg_auto,0
left/default_gzclient_camera(1)-2018-05-19T11_29_44.957459.jpg,0
left/Aug_default_gzclient_camera(1)-2018-05-19T11_31_29.38291100.jpg_auto_,0
left/default_gzclient_camera(1)-2018-05-19T11_27_30.398515.jpg,0
left/Aug_default_gzclient_camera(_3.1)-2018-05-19T11_25_39.764552.jpg_auto,0
left/Aug_default_gzclient_camera(1)-2018-05-19T11_27_21.839063.jpg_auto,0
left/Aug_default_gzclient_camera(_7.1)-2018-05-19T11_25_33.578518.jpg_auto,0
left/Aug_default_gzclient_camera(1)-2018-05-19T11_27_43.950524.jpg_auto,0
left/Aug_default_gzclient_camera(6_1)-2018-05-19T11_25_51.739187.jpg_auto,0
left/Aug_default_gzclient_camera(1)-2018-05-19T11_31_32.03843737.jpg_auto_,0
left/Aug_default_gzclient_camera(1)-2018-05-19T11_34_12123.577951.jpg_auto_,0
left/default_gzclient_camera(1)-2018-05-19T11_34_12.577951.jpg,0
left/Aug_default_gzclient_camera(1)-2018-05-19T11_34_08.122624323422.jpg_auto_,0
left/Aug_default_gzclient_camera(_6.1)-2018-05-19T11_25_33.578518.jpg_auto,0
left/Aug_default_gzclient_camera(1)-2018-05-19T11_30_15.118484.jpg,0
left/Aug_default_gzclient_camera(1)-2018-05-19T11_31_28.686401.jpg,0
left/default_gzclient_camera(1)-2018-05-19T11_26_29.114783.jpg,0
left/Aug_default_gzclient_camera(1)-2018-05-19T11_25_51.739187.jpg,0
left/Aug_default_gzclient_camera(1)-2018-05-19T11_30_51.691462.jpg,0
left/Aug_default_gzclient_camera(1)-2018-05-19T11_34_56.499000.jpg,0
left/Aug_default_gzclient_camera(1)-2018-05-19T11_31_39.268087.jpg,0
left/default_gzclient_camera(1)-2018-05-19T11_35_41.565863.jpg,0
left/Aug_default_gzclient_camera(1)-2018-05-19T11_34_12.5727951.jpg_auto_,0
left/default_gzclient_camera(1)-2018-05-19T11_34_14.942689.jpg,0
left/Aug_default_gzclient_camera(1)-2018-05-19T11_34_14.9422689.jpg_auto_,0
left/Aug_default_gzclient_camera(1)-2018-05-19T11_31_32.038432347.jpg_auto_,0
left/Aug_default_gzclient_camera(1)-2018-05-19T11_28_01.434671.jpg_auto,0
left/default_gzclient_camera(1)-2018-05-19T11_25_47.835897.jpg,0
left/default_gzclient_camera(1_1)-2018-05-19T11_26_07.512699.jpg,0
left/Aug_default_gzclient_camera(1)-2018-05-19T11_27_25.426328.jpg_auto,0
left/Aug_default_gzclient_camera(1)-2018-05-19T11_31_02.655412352.jpg_auto_,0
left/Aug_default_gzclient_camera(1)-2018-05-19T11_27_48.986902.jpg_auto,0
left/Aug_default_gzclient_camera(1)-2018-05-19T11_35_41.565863.jpg,0
left/Aug_default_gzclient_camera(1)-2018-05-19T11_30_23.2225931.jpg_auto_,0
left/default_gzclient_camera(1)-2018-05-19T11_26_47.468066.jpg,0
left/Aug_default_gzclient_camera(_1)-2018-05-19T11_25_51.739187.jpg_auto,0
left/default_gzclient_camera(1)-2018-05-19T11_29_59.565562.jpg,0
left/Aug_default_gzclient_camera(1)-2018-05-19T11_34_08.12262562.jpg_auto_,0
left/default_gzclient_camera(1)-2018-05-19T11_24_47.828664.jpg,0
left/Aug_default_gzclient_camera(1)-2018-05-19T11_27_03.984674.jpg_auto,0
left/Aug_default_gzclient_camera(1)-2018-05-19T11_31_10.292349101.jpg_auto_,0
left/default_gzclient_camera(1)-2018-05-19T11_27_25.426328.jpg,0
left/default_gzclient_camera(1)-2018-05-19T11_30_05.798972.jpg,0
left/Aug_default_gzclient_camera(1)-2018-05-19T11_27_51.090193.jpg_auto,0
left/Aug_default_gzclient_camera(1)-2018-05-19T11_28_01.434671.jpg,0
left/default_gzclient_camera(1)-2018-05-19T11_30_51.691462.jpg,0
left/default_gzclient_camera(1)-2018-05-19T11_31_29.382910.jpg,0
left/default_gzclient_camera(1)-2018-05-19T11_29_52.895044.jpg,0
left/Aug_default_gzclient_camera(2_1)-2018-05-19T11_25_42.461841.jpg_auto,0
left/Aug_default_gzclient_camera(1)-2018-05-19T11_26_47.468066.jpg,0
left/Aug_default_gzclient_camera(1)-2018-05-19T11_24_47.601328.jpg,0
left/Aug_default_gzclient_camera(1)-2018-05-19T11_24_54.640512.jpg_auto,0
left/Aug_default_gzclient_camera(1)-2018-05-19T11_30_23.223422593.jpg_auto_,0
left/Aug_default_gzclient_camera(2_1)-2018-05-19T11_25_47.835897.jpg_auto,0
left/Aug_default_gzclient_camera(1)-2018-05-19T11_26_24.932800.jpg,0
left/Aug_default_gzclient_camera(1_1)-2018-05-19T11_25_51.739187.jpg_auto,0
left/Aug_default_gzclient_camera(12_1)-2018-05-19T11_27_51.090193.jpg_auto,0
left/Aug_default_gzclient_camera(1)-2018-05-19T11_24_55.367641.jpg_auto,0
left/Aug_default_gzclient_camera(1)-2018-05-19T11_30_23.222593.jpg,0
left/Aug_default_gzclient_camera(7_1)-2018-05-19T11_27_48.549948.jpg_auto,0
left/Aug_default_gzclient_camera(1)-2018-05-19T11_27_38.758385.jpg_auto,0
left/Aug_default_gzclient_camera(1)-2018-05-19T11_34_18.87922825.jpg_auto_,0
left/Aug_default_gzclient_camera(1)-2018-05-19T11_27_21.839063.jpg,0
left/Aug_default_gzclient_camera(1)-2018-05-19T11_34_50.6288361.jpg_auto_,0
left/Aug_default_gzclient_camera(1)-2018-05-19T11_26_24.932800.jpg_auto,0
left/Aug_default_gzclient_camera(00_1)-2018-05-19T11_25_28.585431.jpg_auto,0
left/Aug_default_gzclient_camera(1)-2018-05-19T11_35_10.5627912.jpg_auto_,0
left/Aug_default_gzclient_camera(1)-2018-05-19T11_25_33.578518.jpg_auto,0
left/default_gzclient_camera(1)-2018-05-19T11_27_34.568201.jpg,0
left/Aug_default_gzclient_camera(1)-2018-05-19T11_29_53.237948.jpg,0
left/Aug_default_gzclient_camera(1)-2018-05-19T11_35_13.120425.jpg,0
left/Aug_default_gzclient_camera(1)-2018-05-19T11_30_57.957142.jpg,0
left/Aug_default_gzclient_camera(1)-2018-05-19T11_34_14.942123689.jpg_auto_,0
left/Aug_default_gzclient_camera(_1)-2018-05-19T11_25_47.835897.jpg_auto,0
left/Aug_default_gzclient_camera(1)-2018-05-19T11_30_48.033492343.jpg_auto_,0
left/Aug_default_gzclient_camera(1)-2018-05-19T11_30_54.18897349.jpg_auto_,0
left/default_gzclient_camera(1)-2018-05-19T11_31_32.038437.jpg,0
left/Aug_default_gzclient_camera(1)-2018-05-19T11_27_55.735536.jpg,0
left/Aug_default_gzclient_camera(1)-2018-05-19T11_35_45.5442643.jpg_auto_,0
left/Aug_default_gzclient_camera(1)-2018-05-19T11_25_42.461841.jpg,0
left/Aug_default_gzclient_camera(1)-2018-05-19T11_30_07.943299.jpg,0
left/default_gzclient_camera(1)-2018-05-19T11_26_50.641393.jpg,0
left/Aug_default_gzclient_camera(1)-2018-05-19T11_34_54.1143057.jpg_auto_,0
left/default_gzclient_camera(1)-2018-05-19T11_29_53.237948.jpg,0
left/Aug_default_gzclient_camera(11_1)-2018-05-19T11_27_51.090193.jpg_auto,0
left/Aug_default_gzclient_camera(_5.1)-2018-05-19T11_25_33.578518.jpg_auto,0
left/default_gzclient_camera(1)-2018-05-19T11_26_07.960215.jpg,0
left/Aug_default_gzclient_camera(1)-2018-05-19T11_27_14.465195.jpg,0
left/default_gzclient_camera(1)-2018-05-19T11_30_15.118484.jpg,0
left/Aug_default_gzclient_camera(1)-2018-05-19T11_27_55.735536.jpg_auto,0
